City_ID,City,Lat,Lng,Max Temp,Humidity,Cloudiness,Wind Speed,Country,Date
0,port-aux-francais,-49.35,70.2167,1.56,94,100,3.95,TF,1697074513
1,lihue,21.9789,-159.3672,29.58,67,0,6.17,US,1697074614
2,adamstown,-25.066,-130.1015,20.68,71,2,4.53,PN,1697075095
3,bilibino,68.0546,166.4372,-6.69,84,100,1.96,RU,1697074527
4,callao,-12.0667,-77.15,18.73,77,40,4.63,PE,1697074609
5,taza,34.25,-3.75,18.65,82,0,1.01,MA,1697075096
6,kalavad,22.2167,70.3833,25.08,78,3,2.15,IN,1697075096
7,tiksi,71.6872,128.8694,-4.36,84,100,7.21,RU,1697075096
8,freetown,8.484,-13.2299,25.92,84,100,1.59,SL,1697075096
9,waitangi,-43.9535,-176.5597,13.79,80,25,3.58,NZ,1697075094
10,fale old settlement,-9.3852,-171.2468,28.91,76,32,6.91,TK,1697075097
11,sao lourenco do sul,-31.3653,-51.9783,13.57,90,100,8.28,BR,1697074894
12,benavente,42.0025,-5.6783,15.37,50,35,1.34,ES,1697075097
13,hawaiian paradise park,19.5933,-154.9731,26.73,79,75,3.6,US,1697075097
14,avarua,-21.2078,-159.775,25.03,69,100,6.17,CK,1697075097
15,ushuaia,-54.8,-68.3,4.81,75,75,12.52,AR,1697074881
16,blackmans bay,-43.0167,147.3167,15.41,57,100,0.45,AU,1697075097
17,ryotsu-minato,38.0833,138.4333,18.86,48,7,1.01,JP,1697075098
18,udachny,66.4167,112.4,1.36,74,100,5.2,RU,1697075098
19,weno,7.4515,151.8468,30.97,74,40,3.09,FM,1697074570
20,laguna,38.421,-121.4238,21.98,37,0,5.66,US,1697074623
21,bredasdorp,-34.5322,20.0403,15.49,89,100,2.55,ZA,1697074515
22,edinburgh of the seven seas,-37.0676,-12.3116,13.77,89,90,9.25,SH,1697074538
23,akjoujt,19.6969,-14.4164,30.23,14,53,1.47,MR,1697075098
24,albany,42.6001,-73.9662,12.55,80,100,1.27,US,1697074524
25,saudarkrokur,65.7461,-19.6394,-1.23,82,100,3.01,IS,1697075099
26,yanchep,-31.55,115.6833,19.78,42,0,5.23,AU,1697075099
27,stanley,54.868,-1.6985,4.33,92,0,3.09,GB,1697074544
28,codrington,-38.2667,141.9667,13.53,80,93,8.82,AU,1697075100
29,grytviken,-54.2811,-36.5092,-5.14,77,22,4.17,GS,1697074521
30,at-bashi,41.1702,75.8106,8.66,54,0,2.69,KG,1697075100
31,west island,-12.1568,96.8225,26.99,74,40,5.14,CC,1697074570
32,keflavik,64.0049,-22.5624,4.24,87,100,13.89,IS,1697074556
33,wewak,-3.5534,143.6268,28.9,73,44,3.13,PG,1697075100
34,malvan,16.0667,73.4667,26.4,84,96,2.4,IN,1697074604
35,portland,45.5234,-122.6762,16.46,86,38,3.13,US,1697074585
36,chadron,42.8294,-102.9999,17.82,59,100,3.6,US,1697075101
37,margaret river,-33.95,115.0667,17.17,46,0,2.83,AU,1697074525
38,olonkinbyen,70.9221,-8.7187,1.72,71,100,9.95,SJ,1697074526
39,port elizabeth,-33.918,25.5701,18.16,96,100,5.14,ZA,1697074260
40,tari,12.4086,4.4914,27.02,60,15,2.7,NG,1697074549
41,badger,64.8,-147.5333,-2.23,80,75,2.06,US,1697074528
42,puerto ayora,-0.7393,-90.3518,24.19,93,100,1.34,EC,1697074519
43,bayanhongor,46.7167,100.1167,3.51,63,1,0.41,MN,1697075102
44,longyearbyen,78.2186,15.6401,-4.09,58,40,7.2,SJ,1697074494
45,nova sintra,14.8667,-24.7167,23.96,69,90,2.52,CV,1697074556
46,praia da vitoria,38.7333,-27.0667,18.75,88,0,3.91,PT,1697074568
47,beckum,51.75,8.0333,19.67,73,100,5.68,DE,1697075103
48,pisco,-13.7,-76.2167,20.01,82,0,7.2,PE,1697074470
49,chu,43.5983,73.7614,17.06,31,96,4.59,KZ,1697075103
50,ubari,26.5921,12.7805,20.71,35,0,3.52,LY,1697075103
51,tamiahua,21.2667,-97.45,25.82,89,89,3.92,MX,1697075103
52,cabo san lucas,22.8909,-109.9124,30.61,77,0,8.05,MX,1697075104
53,usogorsk,63.4106,48.6872,-0.74,85,100,5.73,RU,1697075104
54,soe,-9.8607,124.284,28.95,36,1,4.8,ID,1697074518
55,le mont-sur-lausanne,46.5582,6.6315,17.62,56,41,1.94,CH,1697075104
56,dryden,49.7833,-92.7503,7.16,81,100,1.54,CA,1697075104
57,aasiaat,68.7098,-52.8699,-5.75,94,100,3.6,GL,1697074582
58,tazovsky,67.4667,78.7,1.86,98,100,3.01,RU,1697074562
59,yellowknife,62.456,-114.3525,9.12,99,100,1.54,CA,1697074520
60,sinsang-ni,39.6503,127.4058,18.79,43,0,0.65,KP,1697075105
61,iskateley,67.6803,53.1512,1.12,76,9,4.02,RU,1697074533
62,port mathurin,-19.6833,63.4167,23.43,77,49,3.83,MU,1697074531
63,iqaluit,63.7506,-68.5145,-0.15,80,20,2.57,CA,1697075106
64,puerto natales,-51.7236,-72.4875,3.7,92,97,4.29,CL,1697074522
65,bethel,41.3712,-73.414,13.69,82,0,0.0,US,1697074499
66,uturoa,-16.7333,-151.4333,26.46,76,22,6.88,PF,1697074532
67,inirida,3.8653,-67.9239,23.64,94,16,0.87,CO,1697075107
68,atafu village,-8.5421,-172.5159,28.24,75,66,4.51,TK,1697074562
69,nelson bay,-32.7167,152.15,31.03,70,11,3.58,AU,1697075107
70,tura,25.5198,90.2201,25.2,82,0,0.24,IN,1697074582
71,college,64.8569,-147.8028,-2.18,81,100,2.06,US,1697074516
72,turkmenbasy,40.0222,52.9552,12.43,62,100,10.8,TM,1697074473
73,hithadhoo,-0.6,73.0833,27.36,72,10,6.12,MV,1697075106
74,al abyar,32.19,20.5965,18.53,73,0,4.16,LY,1697075108
75,ilheus,-14.7889,-39.0494,24.9,73,20,3.09,BR,1697075108
76,suar,29.0333,79.05,16.18,56,0,0.07,IN,1697075109
77,peniche,39.3558,-9.3811,16.98,84,21,2.14,PT,1697075109
78,tinghir,31.5157,-5.5343,18.9,38,54,0.59,MA,1697075109
79,ta`u,-14.2336,-169.5144,27.24,80,21,6.93,AS,1697074602
80,yuzhno-kurilsk,44.0306,145.8556,12.99,70,29,4.4,RU,1697074573
81,klofta,60.0667,11.15,6.38,82,0,4.63,NO,1697075110
82,palopo,-2.9996,120.1921,29.2,58,98,1.86,ID,1697075110
83,mount pearl,47.5166,-52.7813,11.75,97,75,2.06,CA,1697075110
84,rongelap,11.1635,166.8941,28.46,76,50,5.37,MH,1697074561
85,sharlyk,52.9167,54.75,0.4,93,33,2.66,RU,1697075110
86,xai-xai,-25.0519,33.6442,21.67,80,44,4.52,MZ,1697075111
87,san patricio,28.017,-97.5169,24.05,87,92,2.77,US,1697075111
88,borba,-4.3878,-59.5939,31.67,36,80,1.02,BR,1697075111
89,itapolis,-21.5956,-48.8128,26.87,50,49,0.05,BR,1697074811
90,vila velha,-20.3297,-40.2925,23.97,89,40,4.63,BR,1697074575
91,ilave,-16.0833,-69.6667,10.58,67,33,1.82,PE,1697075112
92,whitehorse,60.7161,-135.0538,6.43,81,75,2.06,CA,1697075050
93,severobaykal'sk,55.65,109.3167,6.95,79,25,0.12,RU,1697075112
94,al matariyah,31.1829,32.0311,21.97,73,0,3.96,EG,1697075112
95,isafjordur,66.0755,-23.124,1.64,86,100,16.17,IS,1697074525
96,thompson,55.7435,-97.8558,7.09,53,40,2.57,CA,1697074525
97,holualoa,19.6228,-155.9522,26.91,76,75,5.14,US,1697074598
98,wailua homesteads,22.0669,-159.378,29.24,74,0,6.17,US,1697074402
99,vorgashor,67.5833,63.95,-0.64,83,100,0.91,RU,1697074584
100,dimapur,25.9,93.7333,24.35,91,12,0.25,IN,1697075113
101,porto novo,6.4965,2.6036,25.1,90,100,1.57,BJ,1697074547
102,jamestown,42.097,-79.2353,9.77,98,100,1.54,US,1697074299
103,murzuq,25.9155,13.9184,20.62,33,0,3.97,LY,1697074273
104,colonia,50.9333,6.95,20.13,63,20,6.17,DE,1697074518
105,kura,11.7697,8.4303,24.0,40,39,0.54,NG,1697075114
106,bako,5.7833,36.5667,17.67,89,99,0.95,ET,1697075114
107,urangan,-25.3,152.9,22.73,59,0,2.58,AU,1697075114
108,papatowai,-46.5619,169.4708,12.42,61,60,7.78,NZ,1697074567
109,polyarnyy,69.1989,33.4478,0.24,84,97,11.34,RU,1697074573
110,cangucu,-31.395,-52.6756,10.56,97,100,5.36,BR,1697075114
111,minas de marcona,-15.2119,-75.1103,13.66,85,99,6.4,PE,1697074577
112,booue,-0.0921,11.9385,22.37,100,97,0.7,GA,1697075115
113,punta arenas,-53.15,-70.9167,6.06,75,40,10.29,CL,1697074538
114,qaqortoq,60.7167,-46.0333,2.12,88,8,1.62,GL,1697074516
115,invercargill,-46.4,168.35,12.23,78,96,6.71,NZ,1697074537
116,kerikeri,-35.2268,173.9474,18.84,65,7,1.34,NZ,1697074534
117,ambon,-3.6954,128.1814,28.08,78,40,1.54,ID,1697074585
118,ramhormoz,31.28,49.6035,27.11,43,18,1.4,IR,1697075116
119,gambela,8.25,34.5833,20.97,96,88,0.65,ET,1697075116
120,yeniseysk,58.4497,92.1703,9.41,72,100,6.71,RU,1697075116
121,gao,16.6362,1.637,29.34,14,19,4.78,ML,1697075116
122,staufen,47.75,8.2167,16.09,71,100,1.42,DE,1697075117
123,show low,34.2542,-110.0298,17.16,29,0,7.72,US,1697075117
124,st. john's,47.5649,-52.7093,12.31,97,75,2.06,CA,1697074600
125,trairi,-3.2778,-39.2689,26.09,78,2,5.54,BR,1697074912
126,nar'yan-mar,67.6713,53.087,1.17,76,9,4.02,RU,1697074530
127,romorantin-lanthenay,47.4167,1.8333,16.65,77,0,2.06,FR,1697075118
128,ust'-kulom,61.6864,53.6902,0.72,86,100,1.79,RU,1697075118
129,el molino,10.6523,-72.924,26.23,93,61,1.16,CO,1697075118
130,mbekenyera,-10.0,38.9833,20.98,85,85,1.58,TZ,1697075118
131,newman,37.3138,-121.0208,20.72,42,0,4.47,US,1697075095
132,georgetown,5.4112,100.3354,29.97,89,40,2.24,MY,1697075118
133,port augusta,-32.5,137.7667,21.33,29,0,9.24,AU,1697074603
134,berezovo,63.9381,65.0419,-0.02,84,98,0.89,RU,1697075119
135,ribeira grande,38.5167,-28.7,19.32,89,38,2.24,PT,1697074564
136,northam,51.0333,-4.2167,16.81,98,100,2.36,GB,1697074524
137,buurhakaba,2.8026,44.0781,24.83,79,100,4.91,SO,1697075120
138,valdosta,30.8327,-83.2785,18.88,80,75,5.14,US,1697074930
139,shubarkuduk,49.1447,56.4872,4.49,53,5,1.95,KZ,1697075120
140,merizo village,13.2658,144.6691,31.31,87,100,10.57,GU,1697075120
141,port maria,18.3685,-76.8895,29.98,96,13,4.57,JM,1697075121
142,port-vila,-17.7338,168.3219,26.78,61,75,6.17,VU,1697075121
143,general villegas,-35.0328,-63.0125,6.59,35,0,2.36,AR,1697075121
144,ust-nera,64.5667,143.2,-10.44,91,100,1.34,RU,1697074576
145,mali,12.079,-12.2982,14.94,99,100,1.2,GN,1697075121
146,acarau,-2.8856,-40.12,26.14,79,53,6.67,BR,1697074567
147,nemuro,43.3236,145.575,14.22,61,0,5.25,JP,1697075122
148,klaksvik,62.2266,-6.589,5.51,62,100,8.79,FO,1697074523
149,constantia,44.1833,28.65,9.38,68,7,3.74,RO,1697074541
150,walvis bay,-22.9575,14.5053,14.53,88,0,1.03,NA,1697074550
151,hermanus,-34.4187,19.2345,15.39,87,99,3.35,ZA,1697074523
152,carnarvon,-24.8667,113.6333,25.53,44,31,6.14,AU,1697074552
153,siwa oasis,29.2041,25.5195,22.06,60,0,2.11,EG,1697075122
154,recani,31.2846,-4.2688,21.75,31,31,1.16,MA,1697075123
155,tocopilla,-22.092,-70.1979,18.33,73,20,3.32,CL,1697074914
156,petropavlovsk-kamchatsky,53.0452,158.6483,5.33,73,75,6.71,RU,1697074575
157,berezovyy,51.6667,135.7,15.5,48,12,3.28,RU,1697074594
158,lorengau,-2.0226,147.2712,29.48,72,28,3.53,PG,1697075123
159,lajas,18.05,-67.0593,28.47,57,72,0.89,PR,1697075123
160,kingston,17.997,-76.7936,29.53,80,20,3.09,JM,1697074474
161,choyr,46.3611,108.3611,7.37,45,2,1.58,MN,1697075124
162,maragogi,-9.0122,-35.2225,23.74,80,1,2.47,BR,1697074917
163,wanxian,30.8039,108.3897,17.44,93,100,1.47,CN,1697075124
164,kalifornsky,60.4183,-151.29,5.19,60,75,4.63,US,1697075124
165,boguchany,58.3814,97.4531,12.7,70,100,2.68,RU,1697075124
166,afaahiti,-17.75,-149.2833,28.93,79,24,7.0,PF,1697074615
167,port lincoln,-34.7333,135.8667,16.16,55,18,8.76,AU,1697074585
168,kununurra,-15.7667,128.7333,31.99,58,63,2.57,AU,1697074261
169,port blair,11.6667,92.75,26.02,94,40,0.51,IN,1697074538
170,curillo,1.0333,-75.9191,23.62,80,84,0.55,CO,1697074585
171,hamilton,39.1834,-84.5333,16.12,65,0,1.54,US,1697074352
172,donghai,22.9459,115.642,25.25,70,38,1.92,CN,1697075126
173,taoudenni,22.6783,-3.9836,28.34,17,0,4.99,ML,1697075126
174,klyuchi,52.2667,79.1667,8.83,47,100,1.57,RU,1697075126
175,geraldton,-28.7667,114.6,26.23,21,42,5.66,AU,1697075126
176,mar del plata,-38.0023,-57.5575,7.27,72,20,1.54,AR,1697074323
177,houghton,47.1219,-88.569,5.99,95,0,2.57,US,1697075127
178,aykhal,66.0,111.5,1.71,71,100,11.62,RU,1697074596
179,buala,-8.145,159.5921,29.15,76,81,2.07,SB,1697075127
180,zadar,44.1197,15.2422,12.34,100,0,2.06,HR,1697075127
181,neiafu,-18.65,-173.9833,26.38,73,40,4.12,TO,1697075127
182,nkove,-7.95,30.85,24.86,64,100,0.29,TZ,1697075127
183,dalcahue,-42.3628,-73.7022,7.06,76,44,6.69,CL,1697075128
184,lae,-6.7221,146.9847,30.37,83,99,1.89,PG,1697075128
185,nouadhibou,20.931,-17.0347,28.99,34,61,5.66,MR,1697075128
186,port isabel,26.0734,-97.2086,24.45,87,100,2.68,US,1697075128
187,mezhdurechenskiy,59.6,65.9333,3.5,89,100,2.68,RU,1697075129
188,qianjiang,30.4151,112.8859,17.53,70,100,2.5,CN,1697075129
189,phang nga,8.4509,98.5298,29.02,80,100,0.63,TH,1697075129
190,tyukhtet,56.5389,89.3011,7.35,66,100,5.09,RU,1697075129
191,rajapalaiyam,9.45,77.5667,26.55,78,100,0.78,IN,1697075130
192,general mosconi,-23.1851,-62.303,19.02,63,59,9.71,AR,1697075130
193,borzya,50.3833,116.5167,12.01,45,0,4.5,RU,1697075130
194,stawell,-37.05,142.7667,13.29,68,100,7.47,AU,1697075130
195,mutuali,-14.8706,37.0044,21.23,73,13,1.29,MZ,1697075130
196,dunedin,-45.8742,170.5036,14.79,53,68,4.8,NZ,1697074347
197,zaragoza,41.6561,-0.8773,17.79,44,0,2.24,ES,1697075131
198,camapua,-19.5314,-54.0439,28.32,53,93,2.16,BR,1697075131
199,saku,36.2167,138.4833,19.32,53,11,1.1,JP,1697074857
200,ilulissat,69.2167,-51.1,-3.99,74,100,2.57,GL,1697075101
201,alice springs,-23.7,133.8833,31.75,9,4,6.17,AU,1697074498
202,sitka,57.0531,-135.33,11.94,54,0,0.0,US,1697074623
203,puerto baquerizo moreno,-0.9,-89.6,24.17,81,84,5.22,EC,1697075103
204,ascope,-7.7144,-79.1078,17.63,72,69,1.75,PE,1697075132
205,akrehamn,59.2667,5.1833,10.56,71,100,15.43,NO,1697075132
206,zeerust,-25.5369,26.0751,18.92,55,94,3.35,ZA,1697075132
207,suva,-18.1416,178.4415,27.71,69,75,4.63,FJ,1697074910
208,greenville,35.6127,-77.3663,17.29,93,0,0.0,US,1697075093
209,new norfolk,-42.7826,147.0587,16.07,52,100,5.67,AU,1697075133
210,n'zeto,-7.2312,12.8666,24.66,86,100,4.61,AO,1697074596
211,majene,-3.5403,118.9707,30.47,58,10,5.47,ID,1697075133
212,ust-tsilma,65.441,52.1498,-0.22,80,50,1.34,RU,1697075133
213,kijang,35.2442,129.2139,18.85,49,1,4.88,KR,1697075133
214,katsuren-haebaru,26.3369,127.8719,29.01,69,75,7.2,JP,1697075134
215,ebon,4.582,168.6964,28.98,69,21,1.69,MH,1697075134
216,rio gallegos,-51.6226,-69.2181,7.03,57,0,11.83,AR,1697074609
217,brookings,44.3114,-96.7984,13.0,49,0,5.66,US,1697075134
218,sur,22.5667,59.5289,29.08,50,0,2.0,OM,1697074607
219,vila franca do campo,37.7167,-25.4333,20.23,99,89,4.37,PT,1697074571
220,itoman,26.1247,127.6694,29.01,63,75,7.2,JP,1697075135
221,seminole,28.7086,-81.2081,25.68,91,100,5.66,US,1697075135
222,saipan,15.1355,145.701,29.39,84,100,9.26,MP,1697075135
223,natal,-5.795,-35.2094,26.12,78,20,4.12,BR,1697075038
224,mhamid,29.82,-5.72,22.35,28,83,2.38,MA,1697075135
225,kantang,7.4054,99.5156,28.88,99,20,0.0,TH,1697075135
226,skeldon,5.8833,-57.1333,26.23,79,0,3.27,GY,1697075136
227,desur,12.4333,79.4833,26.54,81,99,2.13,IN,1697075136
228,vieste,41.8825,16.175,21.89,61,3,0.94,IT,1697075136
229,kodiak,57.79,-152.4072,4.73,48,100,5.14,US,1697075019
230,pueblo,38.2545,-104.6091,20.47,35,0,4.63,US,1697075136
231,as samawah,31.332,45.2944,30.91,19,33,4.07,IQ,1697075137
232,gizo,-8.103,156.8419,28.39,76,99,2.26,SB,1697075137
233,maydolong,11.4992,125.5011,29.67,65,100,2.14,PH,1697075137
234,reggane,26.7158,0.1714,26.86,23,0,9.86,DZ,1697075137
235,san jose del cabo,23.0589,-109.6977,30.6,62,20,4.12,MX,1697075081
236,igrim,63.1906,64.4162,2.79,85,100,5.81,RU,1697075137
237,namibe,-15.1961,12.1522,20.4,82,99,1.61,AO,1697074609
238,margate,51.3813,1.3862,15.73,94,100,0.89,GB,1697075138
239,malabar,-33.9667,151.25,33.75,45,0,4.63,AU,1697075138
240,markala,13.7021,-6.0659,27.62,59,94,4.4,ML,1697075138
241,ngereklmadel,7.4883,134.4856,30.05,74,75,6.69,PW,1697075139
242,ranau,5.9538,116.6641,25.48,85,100,0.15,MY,1697075139
243,kavaratti,10.5669,72.642,28.51,65,100,2.52,IN,1697075139
244,kapa'a,22.0752,-159.319,29.99,74,0,6.17,US,1697075139
245,anjozorobe,-18.4,47.8667,13.03,86,23,0.51,MG,1697075139
246,salinopolis,-0.6136,-47.3561,27.03,77,5,4.9,BR,1697075140
247,revda,56.801,59.9303,1.62,96,100,3.55,RU,1697074581
248,road town,18.4167,-64.6167,29.02,74,40,3.6,VG,1697074879
249,yasnogorsk,54.4803,37.6975,4.12,46,100,10.72,RU,1697075140
250,lesnoy,57.6198,63.0784,3.16,96,100,3.22,RU,1697075141
251,mabaruma,8.2,-59.7833,25.08,83,0,1.33,GY,1697075141
252,dalandzadgad,43.5708,104.425,13.52,23,0,2.91,MN,1697074580
253,chernyshevskiy,63.0128,112.4714,3.5,82,100,1.04,RU,1697075141
254,taki,22.5861,88.9214,28.97,71,0,1.58,IN,1697075141
255,papao,-17.75,-149.55,29.82,78,6,8.11,PF,1697075141
256,salalah,17.0151,54.0924,26.05,83,0,1.54,OM,1697075142
257,colesberg,-30.72,25.0972,14.36,67,100,8.1,ZA,1697075142
258,adam,22.3756,57.5233,25.41,45,0,1.92,OM,1697075142
259,tolanaro,-25.0319,46.9987,21.04,94,75,4.12,MG,1697074597
260,cox's bazar,21.4532,91.9798,26.49,84,100,2.7,BD,1697075142
261,gebeit,21.0667,36.3167,23.33,74,0,2.14,SD,1697074619
262,okha,53.5739,142.9478,10.65,71,100,7.27,RU,1697075143
263,devonport,-41.1667,146.35,13.07,87,100,0.89,AU,1697075143
264,bumba,2.1833,22.4667,20.6,96,100,0.83,CD,1697075143
265,ravar,31.2656,56.8055,22.34,22,2,2.4,IR,1697075143
266,diano marina,43.9103,8.0793,21.69,100,10,1.14,IT,1697075143
267,pasni,25.2631,63.471,26.46,88,0,2.57,PK,1697075144
268,borodulikha,50.7184,80.9295,8.27,64,100,2.77,KZ,1697075144
269,vilyuchinsk,52.9306,158.4028,6.15,79,99,0.1,RU,1697074554
270,barra de santo antonio,-9.4047,-35.5072,23.6,81,3,3.29,BR,1697075144
271,uliastay,47.7417,96.8444,6.97,53,0,1.39,MN,1697075144
272,brisas de zicatela,15.8369,-97.0419,28.29,57,75,4.63,MX,1697074568
273,piton saint-leu,-21.2196,55.3151,19.06,60,0,3.09,RE,1697075145
274,sinabang,2.4803,96.3801,25.48,90,100,2.16,ID,1697074560
275,puerto lempira,15.2667,-83.7667,27.23,87,20,4.26,HN,1697075145
276,cuatro cienegas de carranza,26.9833,-102.0833,25.97,47,13,1.66,MX,1697075145
277,happy valley-goose bay,53.3168,-60.3315,11.17,93,75,0.0,CA,1697074586
278,dossor,47.5272,52.9811,6.86,84,100,8.34,KZ,1697075146
279,la ronge,55.1001,-105.2842,12.14,58,0,4.63,CA,1697074616
280,along,28.1667,94.7667,21.83,85,36,0.26,IN,1697075146
281,abepura,-2.6333,140.5833,29.45,74,40,2.57,ID,1697075146
282,laojunmiao,39.8333,97.7333,11.13,30,100,1.0,CN,1697074601
283,bel ombre,-4.6167,55.4167,25.91,89,20,1.54,SC,1697074553
284,east london,-33.0153,27.9116,19.16,89,100,7.25,ZA,1697074548
285,aripuana,-9.1667,-60.6333,26.7,61,29,0.84,BR,1697074876
286,tibanbang,6.6315,126.1055,28.55,71,100,1.77,PH,1697075147
287,karanpur,29.8419,73.4542,25.1,27,0,2.22,IN,1697075147
288,rufino,-34.2683,-62.7126,7.37,34,5,2.95,AR,1697075147
289,raja,8.4596,25.678,20.37,94,100,2.06,SS,1697075148
290,mudgee,-32.5943,149.5871,28.77,17,7,6.82,AU,1697075148
291,san luis de la loma,17.2706,-100.8939,25.47,84,100,1.45,MX,1697074578
292,lerwick,60.1545,-1.1494,9.0,68,23,11.85,GB,1697075148
293,yurimaguas,-5.9,-76.0833,27.93,51,35,0.33,PE,1697075148
294,vorkuta,67.5,64.0,-0.45,83,100,0.81,RU,1697075148
295,brest,52.1,23.7,15.43,72,100,8.3,BY,1697075149
296,vilyuysk,63.7553,121.6247,6.2,60,27,5.81,RU,1697074571
297,cadale,2.7603,46.3222,26.34,83,40,3.87,SO,1697075149
298,kulunda,52.566,78.9385,8.6,49,100,2.18,RU,1697075149
299,turis,39.3833,-0.7,18.98,90,0,1.45,ES,1697075149
300,luwuk,-0.9516,122.7875,30.77,54,66,3.71,ID,1697075149
301,lebu,-37.6167,-73.65,9.73,86,0,9.12,CL,1697075150
302,kidal,18.4411,1.4078,27.75,16,12,2.73,ML,1697074556
303,santander jimenez,24.2167,-98.4667,22.64,84,90,2.45,MX,1697075150
304,sangueya,10.7,-14.3667,24.08,96,98,0.63,GN,1697075150
305,santana,-0.0583,-51.1817,29.1,74,20,4.12,BR,1697075150
306,panacan,9.2463,118.4082,28.78,73,100,2.61,PH,1697075151
307,prince albert,53.2001,-105.7677,8.97,66,20,6.17,CA,1697074944
308,chonchi,-42.6128,-73.8092,7.56,75,79,2.99,CL,1697075151
309,trinidad,-14.8333,-64.9,31.11,41,85,2.77,BO,1697074988
310,alofi,-19.0595,-169.9187,27.94,61,75,6.69,NU,1697075097
311,bardai,11.65,7.2333,23.19,54,55,1.91,NG,1697074591
312,anloga,5.7947,0.8973,26.12,88,100,5.46,GH,1697075151
313,nogliki,51.8333,143.1667,11.86,58,84,6.26,RU,1697075152
314,siracusa,37.0881,15.2792,19.77,68,0,0.97,IT,1697075152
315,bengkulu,-3.8004,102.2655,27.55,73,91,1.55,ID,1697074886
316,concordia,-31.393,-58.0209,11.55,83,100,4.02,AR,1697075152
317,anadyr,64.75,177.4833,1.28,74,75,19.0,RU,1697075152
318,karratha,-20.7377,116.8463,34.96,19,2,3.0,AU,1697074442
319,el abiodh sidi cheikh,32.893,0.5484,16.97,43,3,1.87,DZ,1697075153
320,kagizman,40.1567,43.1342,2.15,80,0,2.17,TR,1697075153
321,birjand,32.8663,59.2211,11.26,24,0,2.06,IR,1697075153
322,talnakh,69.4865,88.3972,-0.44,96,100,1.1,RU,1697075153
323,tienen,50.8077,4.9418,18.48,77,75,4.63,BE,1697075154
324,touros,-5.1989,-35.4608,25.44,78,48,6.9,BR,1697075154
325,dullewala,31.8359,71.4362,25.89,24,0,1.92,PK,1697075154
326,ancud,-41.8697,-73.8203,6.17,84,31,2.95,CL,1697075154
327,san antonio de pale,-1.4014,5.6325,25.41,82,100,4.61,GQ,1697075154
328,remire-montjoly,4.9167,-52.2667,27.02,83,0,2.06,GF,1697075154
329,sao joao da barra,-21.6403,-41.0511,22.91,86,49,8.89,BR,1697075155
330,bosaso,11.2842,49.1816,28.84,70,68,0.52,SO,1697075155
331,la reforma,25.0833,-108.05,27.23,77,1,3.3,MX,1697075155
332,coquimbo,-29.9533,-71.3436,12.85,82,0,1.54,CL,1697074467
333,luanda,-8.8368,13.2343,25.0,78,100,3.09,AO,1697075155
334,pandan,14.0453,124.1694,28.64,82,76,2.99,PH,1697074593
335,tongliao,43.6125,122.2653,20.03,34,1,3.14,CN,1697075156
336,pyapon,16.2833,95.6833,27.48,82,59,2.46,MM,1697075156
337,fiche,9.8,38.7333,9.28,76,100,1.22,ET,1697075156
338,ketchikan,55.3422,-131.6461,12.99,76,0,3.09,US,1697075156
339,valdivia,-39.8142,-73.2459,4.27,93,0,1.41,CL,1697075156
340,arraial do cabo,-22.9661,-42.0278,23.92,83,0,6.69,BR,1697074568
341,fisterra,42.9049,-9.2629,18.75,83,81,5.45,ES,1697075157
342,poronaysk,49.2167,143.1167,14.05,46,9,4.38,RU,1697075157
343,haiku-pauwela,20.9219,-156.3051,27.36,63,20,7.2,US,1697074402
344,sao vicente,-23.9631,-46.3919,30.71,75,29,1.33,BR,1697075157
345,sanibel,26.449,-82.0223,29.01,89,100,4.47,US,1697075153
346,kadom,54.5592,42.4675,4.05,51,100,9.05,RU,1697075158
347,juruti,-2.1522,-56.0922,29.18,41,33,1.41,BR,1697075158
348,gridley,39.3638,-121.6936,23.14,28,0,4.12,US,1697075158
349,valasske klobouky,49.1406,18.0076,11.96,95,19,1.91,CZ,1697075158
350,pokhara,28.2333,83.9833,21.0,74,0,0.68,NP,1697074982
351,sambava,-14.2667,50.1667,21.21,90,65,2.86,MG,1697075159
352,namsos,64.4662,11.4957,7.03,87,75,1.03,NO,1697074611
353,enewetak,11.3474,162.3373,28.57,74,44,5.5,MH,1697075159
354,gogrial,8.5332,28.1004,22.7,90,100,2.46,SS,1697075159
355,masina,-4.3836,15.3914,25.16,88,40,3.09,CD,1697075159
356,port alfred,-33.5906,26.891,16.77,98,100,2.24,ZA,1697074583
357,konstantinovka,49.6167,127.9833,17.53,37,70,4.42,RU,1697075160
358,susuman,62.7833,148.1667,-12.23,77,53,0.89,RU,1697075160
359,ca mau,9.1769,105.15,29.54,76,77,2.44,VN,1697075160
360,yakeshi,49.2833,120.7333,12.74,41,0,3.15,CN,1697074625
361,hadibu,12.65,54.0333,26.9,82,88,2.05,YE,1697075160
362,tremonton,41.7119,-112.1655,9.81,53,75,4.92,US,1697075160
363,conduaga,8.862,117.4893,29.7,68,100,1.56,PH,1697075161
364,hanumangarh,29.5833,74.3167,25.11,27,0,1.47,IN,1697075161
365,lexington,37.9887,-84.4777,16.0,56,0,3.09,US,1697075061
366,broome,42.2506,-75.833,12.21,83,100,2.06,US,1697074586
367,palembang,-2.9167,104.7458,31.55,55,79,2.85,ID,1697075162
368,paka,4.6374,103.4368,28.96,84,20,1.03,MY,1697075162
369,flying fish cove,-10.4217,105.6791,26.82,78,75,6.17,CX,1697075163
370,dudinka,69.4058,86.1778,1.49,93,100,6.71,RU,1697075163
371,piestany,48.5948,17.8259,14.99,88,17,1.54,SK,1697075163
372,guerrero negro,27.9769,-114.0611,19.89,77,27,8.57,MX,1697074576
373,kegen,43.0197,79.2203,7.77,49,0,3.14,KZ,1697075164
374,angel r. cabada,18.5833,-95.4333,27.24,81,33,2.34,MX,1697075164
375,la passe,45.5549,-0.8967,13.13,55,96,2.92,FR,1697075164
376,arkalyk,50.2486,66.9114,4.04,67,96,2.91,KZ,1697075164
377,den burg,53.0542,4.7972,13.98,82,100,2.06,NL,1697075164
378,katsuura,35.1333,140.3,21.66,53,20,4.97,JP,1697075109
379,betio village,1.358,172.9211,31.02,70,25,2.63,KI,1697075165
380,mazagao,-0.115,-51.2894,29.03,79,0,2.13,BR,1697075165
381,hono,57.6897,11.6497,12.87,80,7,15.28,SE,1697075165
382,sadri,25.1833,73.4333,24.94,56,0,1.21,IN,1697075166
383,north shore,-36.8,174.75,17.9,66,80,4.02,NZ,1697075166
384,kodinsk,58.6881,99.1844,10.24,64,100,5.53,RU,1697075166
385,mossel bay,-34.1831,22.146,16.58,90,99,3.21,ZA,1697075166
386,burgersdorp,-30.9977,26.3286,13.69,74,100,5.52,ZA,1697075166
387,arrifes,37.7667,-25.7,19.14,88,40,5.66,PT,1697075167
388,potosi,-19.5836,-65.7531,5.05,82,100,3.11,BO,1697075167
389,sarupathar,26.1984,93.8094,24.83,89,6,0.46,IN,1697075167
390,sabang,5.8933,95.3214,27.35,76,100,3.19,ID,1697074603
391,la'ie,21.6477,-157.9253,29.98,70,100,2.68,US,1697075167
392,nong kung si,16.65,103.3,26.85,72,36,2.25,TH,1697075167
393,puerto madero,14.7208,-92.4215,28.11,100,100,0.0,MX,1697074918
394,xishan,27.6667,113.5,21.53,66,89,1.83,CN,1697075168
395,grantsville,40.5999,-112.4644,8.13,71,75,1.54,US,1697075168
396,al burayqah,30.4062,19.5739,23.21,71,0,4.53,LY,1697075168
397,hammerfest,70.6634,23.6821,-0.75,74,100,6.69,NO,1697075168
398,ebeltoft,56.1944,10.6821,10.35,76,20,6.17,DK,1697075168
399,sisimiut,66.9395,-53.6735,-2.18,73,86,3.49,GL,1697075169
400,puquio,-14.7,-74.1333,14.25,62,100,0.66,PE,1697075169
401,visakhapatnam,17.69,83.2093,26.94,89,20,1.54,IN,1697075169
402,cururupu,-1.8283,-44.8683,24.01,90,3,1.38,BR,1697075170
403,horta,38.5333,-28.6333,18.9,89,47,1.79,PT,1697075170
404,bikenibeu village,1.3673,173.1241,30.98,74,75,1.03,KI,1697075170
405,hassi messaoud,31.6804,6.0729,21.78,41,0,4.23,DZ,1697075170
406,cody,44.5263,-109.0565,8.84,87,100,4.12,US,1697074988
407,penzance,50.1186,-5.5371,16.38,98,100,5.61,GB,1697075171
408,severo-yeniseyskiy,60.3725,93.0408,3.74,91,100,6.42,RU,1697075171
409,pitimbu,-7.4706,-34.8086,24.33,81,2,4.11,BR,1697075171
410,homyel',52.4345,30.9754,11.01,71,75,9.0,BY,1697075171
411,malango,-2.9627,119.9001,28.21,48,59,1.89,ID,1697075171
412,glace bay,46.1969,-59.957,13.88,94,100,2.06,CA,1697075172
413,olinda,-8.0089,-34.8553,26.85,69,40,4.12,BR,1697074594
414,juan griego,11.0817,-63.9655,26.95,88,3,4.99,VE,1697075172
415,pundong,-7.9522,110.3486,30.4,51,48,5.0,ID,1697075173
416,holbaek,55.7167,11.7167,11.66,76,100,4.47,DK,1697075173
417,yaren,-0.5472,166.916,29.01,72,99,2.9,NR,1697075173
418,atar,20.5169,-13.0499,29.51,16,11,3.94,MR,1697075173
419,lobujya,27.95,86.8167,-4.61,57,1,1.45,NP,1697075173
420,tuapse,44.1125,39.0742,7.73,63,4,4.07,RU,1697075173
421,puerto aysen,-45.4,-72.7,2.49,98,65,1.66,CL,1697075174
422,san clemente del tuyu,-36.3569,-56.7235,4.99,68,5,6.09,AR,1697075174
423,kone,-21.0595,164.8658,22.0,79,100,2.85,NC,1697074592
424,san fernando,15.0286,120.6898,30.85,67,100,2.6,PH,1697075174
425,zaozersk,69.4005,32.4476,-0.67,87,100,10.73,RU,1697075174
426,manda,-10.4667,34.5833,23.7,55,100,3.36,TZ,1697075174
427,makokou,0.5738,12.8642,20.79,100,95,1.26,GA,1697075175
428,kisangani,0.5167,25.2,21.13,92,100,0.38,CD,1697075130
429,choibalsan,48.0667,114.5,10.75,50,7,1.13,MN,1697075175
430,as sulayyil,20.4607,45.5779,24.14,24,0,1.63,SA,1697075175
431,howrah,22.5892,88.3103,29.0,89,20,0.0,IN,1697075175
432,barnard castle,54.5415,-1.919,4.76,88,100,2.25,GB,1697075176
433,mathis,28.0945,-97.828,23.85,92,53,2.94,US,1697075176
434,lido di ostia,41.7321,12.2765,22.24,73,0,2.06,IT,1697075176
435,le port,-20.9373,55.2919,21.0,85,100,1.06,RE,1697075176
436,rumbek,6.802,29.6912,21.56,95,100,0.35,SS,1697075176
437,utrik,11.2278,169.8474,28.32,73,98,5.57,MH,1697075176
438,governador dix sept rosado,-5.4589,-37.5208,25.55,56,15,5.1,BR,1697075177
439,aginskoye,51.1,114.53,12.3,45,0,3.11,RU,1697075177
440,vadso,70.0744,29.7487,3.09,70,75,10.8,NO,1697075177
441,tinogasta,-28.0632,-67.5649,11.5,43,0,1.75,AR,1697075177
442,noumea,-22.2763,166.4572,20.99,86,100,6.79,NC,1697074707
443,vernon,50.2581,-119.2691,15.42,62,100,0.89,CA,1697074511
444,beloyarskiy,63.7119,66.6722,-0.56,92,63,1.34,RU,1697075178
445,medicine hat,50.0501,-110.6683,12.24,86,100,2.06,CA,1697075137
446,honggang,46.4667,124.8667,17.96,39,0,2.67,CN,1697075178
447,guaraciaba do norte,-4.1669,-40.7475,20.92,66,1,2.15,BR,1697075178
448,gumushacikoy,40.8731,35.2147,4.18,92,10,1.19,TR,1697075178
449,luderitz,-26.6481,15.1594,13.03,82,13,3.07,NA,1697075179
450,hampshire,42.3334,-72.5829,13.61,87,40,0.0,US,1697074900
451,palm valley,30.1775,-81.3876,25.04,72,100,6.82,US,1697075179
452,gamba,-2.65,10.0,24.67,92,100,1.37,GA,1697075179
453,borinskoye,52.4569,39.3713,4.71,47,100,4.47,RU,1697075180
454,cockburn town,21.4612,-71.1419,29.0,73,99,8.16,TC,1697074620
455,phan rang-thap cham,11.5667,108.9833,30.16,68,36,1.13,VN,1697075180
456,fort bragg,35.139,-79.006,18.28,86,75,0.0,US,1697075037
457,aldinga beach,-35.2793,138.4604,17.64,54,45,8.24,AU,1697075180
458,tommot,58.9564,126.2925,11.82,64,90,6.73,RU,1697075180
459,barakani,-12.1356,44.4317,24.62,81,41,0.67,KM,1697075181
460,jhanjharpur,26.2667,86.2833,25.68,81,0,1.86,IN,1697075181
461,kholmsk,47.0511,142.0569,13.15,64,2,4.41,RU,1697075181
462,chinchilla,-26.75,150.6333,28.35,26,0,2.78,AU,1697075181
463,tamandare,-8.7597,-35.1047,23.74,81,0,2.34,BR,1697075073
464,kattivakkam,13.2167,80.3167,28.37,87,94,0.82,IN,1697075181
465,johi,26.6921,67.6133,27.67,44,0,1.59,PK,1697075182
466,the village,35.5609,-97.5514,21.14,74,0,8.75,US,1697075182
467,cabedelo,-6.9811,-34.8339,24.37,82,1,4.67,BR,1697075182
468,albion,42.2431,-84.753,10.98,88,40,0.0,US,1697075182
469,sao gabriel da cachoeira,-0.1303,-67.0892,23.14,95,100,0.54,BR,1697075182
470,naze,28.3667,129.4833,25.51,61,59,8.1,JP,1697075183
471,vrangel',42.7297,133.0839,16.31,48,0,3.41,RU,1697075183
472,kohlu,29.8962,69.252,18.31,22,1,0.9,PK,1697075183
473,the dalles,45.5946,-121.1787,14.37,91,100,2.06,US,1697075184
474,palmas,-10.2128,-48.3603,28.93,74,0,1.54,BR,1697075184
475,santa elena de uairen,4.6167,-61.1333,22.6,45,9,1.25,VE,1697075184
476,tabou,4.423,-7.3528,24.88,91,100,3.05,CI,1697075184
477,antsiranana,-12.2787,49.2917,21.78,82,100,4.24,MG,1697075184
478,fortuna,40.5982,-124.1573,14.43,84,40,4.12,US,1697074924
479,tumaco,1.7986,-78.8156,25.54,89,100,2.46,CO,1697075185
480,tromso,69.6496,18.957,2.01,69,100,8.75,NO,1697075185
481,thinadhoo,0.5333,72.9333,27.44,75,92,5.38,MV,1697075185
482,kincardine,56.0667,-3.7167,7.33,93,81,2.03,GB,1697075185
483,sinan,34.8262,126.1086,20.06,55,22,1.45,KR,1697075186
484,paraiso,9.8383,-83.8656,19.68,96,99,1.27,CR,1697075186
485,yerofey pavlovich,53.9667,121.9667,11.25,53,84,2.97,RU,1697075186
486,conceicao do araguaia,-8.2578,-49.2647,27.62,55,54,1.46,BR,1697075186
487,una,20.8167,71.0333,24.79,80,6,1.45,IN,1697075186
488,druskininkai,54.0167,23.9667,17.08,65,100,7.27,LT,1697075186
489,sittwe,20.15,92.9,26.41,87,33,2.9,MM,1697075187
490,mizdah,31.4451,12.9801,18.16,72,0,3.36,LY,1697075187
491,tuam,53.5167,-8.85,7.35,85,41,1.11,IE,1697075187
492,yulin,22.6333,110.15,23.25,76,100,2.47,CN,1697075187
493,bac lieu,9.285,105.7244,29.59,73,80,3.56,VN,1697075187
494,darwin,-12.4611,130.8418,33.83,53,78,2.12,AU,1697074955
495,la gi,10.6667,107.7833,28.76,79,70,3.33,VN,1697075188
496,labytnangi,66.6572,66.4183,0.61,82,100,1.32,RU,1697075188
497,ouro preto do oeste,-10.7481,-62.2158,27.35,61,10,1.45,BR,1697075188
498,soure,-0.7167,-48.5233,26.9,78,0,4.45,BR,1697075188
499,tres arroyos,-38.3739,-60.2798,1.95,73,0,0.49,AR,1697075189
500,razampeta,14.1833,79.1667,27.39,68,16,1.35,IN,1697075189
501,crucecita,-28.95,-58.9833,11.47,91,100,8.1,AR,1697075189
502,kudahuvadhoo,2.6708,72.8944,27.6,70,87,4.87,MV,1697075189
503,turuntayevo,52.2,107.6167,3.05,57,22,1.43,RU,1697075189
504,belyy yar,53.6039,91.3903,7.94,87,0,0.0,RU,1697075189
505,pangkalanbuun,-2.6833,111.6167,31.88,50,85,2.45,ID,1697075190
506,ardakan,32.31,54.0175,22.09,30,2,0.74,IR,1697075190
507,pasuquin,18.3328,120.6177,26.97,89,75,4.12,PH,1697075190
508,ishinomaki,38.4167,141.3,19.0,54,2,2.26,JP,1697074605
509,el porvenir,13.7617,-87.3458,25.63,95,100,0.34,HN,1697075190
510,robore,-18.3333,-59.75,29.24,46,58,1.84,BO,1697075191
511,bubaque,11.2833,-15.8333,27.68,80,99,2.28,GW,1697075191
512,bodo,67.28,14.405,4.32,78,100,2.57,NO,1697075191
513,hargeysa,9.56,44.065,19.19,75,10,2.01,SO,1697075191
514,wotho,10.1657,166.0102,28.3,69,91,4.59,MH,1697075192
515,richards bay,-28.783,32.0377,21.5,85,100,4.35,ZA,1697075163
516,lompoc,34.6391,-120.4579,19.88,80,0,9.77,US,1697075192
517,cajamarca,-7.1638,-78.5003,15.04,79,65,1.28,PE,1697075192
518,kayyerkan,69.3786,87.7439,-0.39,100,100,0.64,RU,1697075192
519,magistral'nyy,56.1725,107.4458,10.24,59,39,3.0,RU,1697075192
520,okhotsk,59.3833,143.3,-0.49,57,100,3.48,RU,1697075193
521,linden,6.0,-58.3,24.17,87,0,1.23,GY,1697075046
522,val-d'or,48.1002,-77.7828,5.05,100,100,2.06,CA,1697074959
523,misratah,32.3754,15.0925,22.82,63,2,1.85,LY,1697075193
524,ishigaki,24.3448,124.1572,28.07,69,20,5.14,JP,1697075194
525,enriquillo,17.9,-71.2333,26.74,83,84,4.41,DO,1697075194
526,cafayate,-26.073,-65.9761,11.43,83,91,2.37,AR,1697075194
527,bagudo,11.4033,4.2296,26.62,63,31,2.23,NG,1697075194
528,juneau,58.3019,-134.4197,10.0,93,75,4.12,US,1697075105
529,lere,10.387,8.5726,21.06,81,92,1.35,NG,1697075195
530,kapshagay,43.8833,77.0833,18.63,33,4,8.41,KZ,1697075195
531,puerto deseado,-47.7503,-65.8938,7.38,64,77,9.18,AR,1697075195
532,yatou,37.15,122.3833,20.39,46,100,4.23,CN,1697075195
533,bamboo flat,11.7,92.7167,26.05,94,40,0.0,IN,1697075195
534,skovorodino,53.9833,123.9167,11.72,53,57,2.38,RU,1697075195
535,borjomi,41.8527,43.4128,6.17,90,66,1.23,GE,1697075196
536,antigonish,45.6169,-61.9986,12.93,97,100,5.4,CA,1697074608
537,al kharijah,25.4514,30.5464,21.72,40,0,3.74,EG,1697075196
538,linxia chengguanzhen,35.6003,103.2064,6.23,92,100,1.28,CN,1697075196
539,rio grande,-32.035,-52.0986,13.06,82,100,9.96,BR,1697075197
540,kruisfontein,-34.0033,24.7314,14.38,90,88,1.21,ZA,1697075106
541,borger,52.9233,6.7931,13.33,94,100,1.9,NL,1697074959
542,puerto armuelles,8.2833,-82.8667,27.27,74,100,2.24,PA,1697075197
543,ulladulla,-35.35,150.4667,29.87,29,99,4.08,AU,1697075197
544,khandyga,62.6667,135.6,-0.47,93,100,3.69,RU,1697074612
545,coahuayana de hidalgo,18.7,-103.6583,24.8,93,87,1.32,MX,1697075197
546,balabac,7.9868,117.0645,28.58,73,100,1.67,PH,1697075198
547,agropoli,40.3469,14.9966,18.38,88,0,1.42,IT,1697075198
548,pizarro,4.9533,-77.366,26.48,83,93,4.07,CO,1697075198
549,rakops,-21.0167,24.3333,23.82,38,100,3.64,BW,1697075198
550,guliston,40.4897,68.7842,16.17,35,5,0.37,UZ,1697075124
551,mount isa,-20.7333,139.5,32.87,22,96,6.69,AU,1697075198
552,vilaka,57.1846,27.6722,13.3,84,100,6.43,LV,1697075199
553,waingapu,-9.6567,120.2641,30.99,54,29,4.28,ID,1697075185
554,new yekepa,7.5794,-8.5378,20.39,99,100,0.88,LR,1697075199
555,kapuskasing,49.4169,-82.4331,3.05,100,100,2.06,CA,1697075199
556,douz,33.4663,9.0203,19.54,73,0,3.77,TN,1697075199
557,constitucion,-35.3333,-72.4167,10.67,83,0,4.08,CL,1697075199
558,ceeldheer,3.8488,47.1806,26.0,84,84,4.23,SO,1697074624
559,humaita,-7.5061,-63.0208,26.85,66,50,0.84,BR,1697075200
560,kimberley,-28.7323,24.7623,13.83,94,100,5.14,ZA,1697075200
561,tual,-5.6667,132.75,26.62,80,88,7.46,ID,1697075123
562,tamanrasset,22.785,5.5228,22.08,23,43,1.09,DZ,1697075200
563,laascaanood,8.4774,47.3597,23.59,75,27,4.02,SO,1697075201
564,canutama,-6.5339,-64.3831,27.84,58,34,0.49,BR,1697075201
565,lata,40.1629,-8.3327,16.71,50,28,1.29,PT,1697075201
566,quellon,-43.1167,-73.6167,7.74,76,78,5.53,CL,1697075201
567,bainbridge,47.6262,-122.5212,14.45,92,40,3.13,US,1697075157
568,ingeniero jacobacci,-41.3427,-69.5448,9.4,39,0,3.48,AR,1697075202
569,radashkovichy,54.1551,27.2424,14.24,76,100,8.68,BY,1697075202
